{"cpu":{"cores":4,"load":{"avg_1":0.0908203125,"avg_5":0.17578125,"avg_15":0.220703125}},"memory":{"total_bytes":25012719616,"used_bytes":9517645824,"available_bytes":15495073792},"storage":{"path":"/data/uploads","total_bytes":1000202039296,"used_bytes":2135805952,"free_bytes":998066233344}}